event,eventLabel,year,countryLabel
http://www.wikidata.org/entity/Q133977,Battle of Caravaggio,1448,Italy
http://www.wikidata.org/entity/Q251597,Battle of Dornach,1499,Switzerland
http://www.wikidata.org/entity/Q612288,Battle of Pločnik,1385,Serbia
http://www.wikidata.org/entity/Q402237,Battle of Zappolino,1325,Italy
http://www.wikidata.org/entity/Q620585,Battle of Mortimer's Cross,1461,Kingdom of England
http://www.wikidata.org/entity/Q265032,Battle of Montlhéry,1465,France
http://www.wikidata.org/entity/Q451404,Battle of St. Jakob an der Sihl,1443,Switzerland
http://www.wikidata.org/entity/Q166961,Battle of Shrewsbury,1403,Kingdom of England
http://www.wikidata.org/entity/Q425617,Battle of Verneuil,1424,France
http://www.wikidata.org/entity/Q648535,Battle of Patay,1429,France
http://www.wikidata.org/entity/Q615922,Battle of the Vozha River,1378,Russia
http://www.wikidata.org/entity/Q328768,Battle of Detern,1426,Germany
http://www.wikidata.org/entity/Q681702,Battle of Sörenberg,1380,Switzerland
http://www.wikidata.org/entity/Q153712,Battle of Parabiago,1339,Italy
http://www.wikidata.org/entity/Q667606,Battle of Laupen,1339,Switzerland
http://www.wikidata.org/entity/Q544936,Battle of Ferrybridge,1461,Kingdom of England
http://www.wikidata.org/entity/Q472614,Battle of Giornico,1478,Switzerland
http://www.wikidata.org/entity/Q222013,Battle of Bosworth Field,1485,Kingdom of England
http://www.wikidata.org/entity/Q634629,Battle of Towton,1461,Kingdom of England
http://www.wikidata.org/entity/Q661759,Battle of Sempach,1386,Switzerland
http://www.wikidata.org/entity/Q624937,Battle of Visby,1361,Sweden
http://www.wikidata.org/entity/Q210354,Battle of Kulikovo,1380,Grand Principality of Moscow
http://www.wikidata.org/entity/Q283015,Battle of Beaugency,1429,France
http://www.wikidata.org/entity/Q668577,Siege of Compiègne,1430,France
http://www.wikidata.org/entity/Q646532,Battle of Castagnaro,1387,Italy
http://www.wikidata.org/entity/Q616448,Battle of Champtoceaux,1341,France
http://www.wikidata.org/entity/Q532899,Battle of Molinella,1467,Italy
http://www.wikidata.org/entity/Q598069,Battle of Homildon Hill,1402,Kingdom of England
http://www.wikidata.org/entity/Q163959,Battle of Héricourt,1474,Kingdom of France
http://www.wikidata.org/entity/Q201692,Battle of Poitiers,1356,France
http://www.wikidata.org/entity/Q581401,Battle of Blore Heath,1459,Kingdom of England
http://www.wikidata.org/entity/Q209387,Battle of Ankara,1402,Turkey
http://www.wikidata.org/entity/Q233416,Second Battle of St Albans,1461,Kingdom of England
http://www.wikidata.org/entity/Q551549,Battle of Chojnice,1454,Poland
http://www.wikidata.org/entity/Q670094,Battle of Crevola,1487,Italy
http://www.wikidata.org/entity/Q179288,Battle of Kosovo,1389,Kosovo
http://www.wikidata.org/entity/Q647112,Battle of Koronowo,1410,Poland
http://www.wikidata.org/entity/Q114620,Battle of Minatogawa,1336,Japan
http://www.wikidata.org/entity/Q387238,Battle of Tlatelolco,1473,Mexico
http://www.wikidata.org/entity/Q188495,Battle of Agincourt,1415,Kingdom of France
http://www.wikidata.org/entity/Q516507,Reconquest of Gallipoli,1366,Turkey
http://www.wikidata.org/entity/Q212220,Battle of Nicopolis,1396,Second Bulgarian Empire
http://www.wikidata.org/entity/Q558503,Battle of Rudau,1370,Russia
http://www.wikidata.org/entity/Q74072,Battle of Albulena,1457,Albania
http://www.wikidata.org/entity/Q667460,Battle of Näfels,1388,Old Swiss Confederacy
http://www.wikidata.org/entity/Q281089,Battle of Ludford Bridge,1459,Kingdom of England
http://www.wikidata.org/entity/Q611827,Battle of Blanchetaque,1346,France
http://www.wikidata.org/entity/Q671340,Battle of Maclodio,1427,Italy
http://www.wikidata.org/entity/Q165136,Swabian War,1499,Switzerland
http://www.wikidata.org/entity/Q2889433,Battle of Muroyama,1184,Japan
http://www.wikidata.org/entity/Q2890236,Battle of Torà,1006,Spain
http://www.wikidata.org/entity/Q2890297,Battle of Valtierra,1110,Spain
http://www.wikidata.org/entity/Q2889980,Battle of Shinohara,1183,Japan
http://www.wikidata.org/entity/Q2890114,Battle of Sunomata-gawa,1181,Japan
http://www.wikidata.org/entity/Q2890062,Battle of Steppes,1213,Belgium
http://www.wikidata.org/entity/Q2890239,Battle of Toury,1112,France
http://www.wikidata.org/entity/Q2890415,Battle of Yahagi-gawa,1181,Japan
http://www.wikidata.org/entity/Q2889962,Battle of Settepozzi,1263,Greece
http://www.wikidata.org/entity/Q2890828,Battle of Val-de-Saire,1001,France
http://www.wikidata.org/entity/Q2890815,Battle of the Puig,1237,Taifa of Valencia (third period)
http://www.wikidata.org/entity/Q2887845,Battle of Anbuk-bu,1231,Goryeo
http://www.wikidata.org/entity/Q2888317,Battle of Clitheroe,1138,Kingdom of England
http://www.wikidata.org/entity/Q2889511,Battle of Nicomédie,1182,Byzantine Empire
http://www.wikidata.org/entity/Q3195891,Battle of Alnwick,1093,Kingdom of England
http://www.wikidata.org/entity/Q2571558,Battle of Mari,1266,Armenian Kingdom of Cilicia
http://www.wikidata.org/entity/Q2527770,Battle of Devina,1279,Bulgaria
http://www.wikidata.org/entity/Q2878470,Battle of Morella,1084,Spain
http://www.wikidata.org/entity/Q2628015,Battle of Kapetron,1048,Turkey
http://www.wikidata.org/entity/Q2733432,Battle of São Mamede,1128,Portugal
http://www.wikidata.org/entity/Q2628082,Battle of Elbistan,1277,Turkey
http://www.wikidata.org/entity/Q2888057,Battle of Uji,1184,Japan
http://www.wikidata.org/entity/Q2855373,Battle of Petroe,1057,Byzantine Empire
http://www.wikidata.org/entity/Q2630913,Battle of Cutanda,1120,Spain
http://www.wikidata.org/entity/Q2799746,Battle of Hausbergen,1262,France
http://www.wikidata.org/entity/Q2692278,Battle of Lihula,1220,Estonia
http://www.wikidata.org/entity/Q2669581,Loon War,1203,Netherlands
http://www.wikidata.org/entity/Q2724181,Battle of Alcoraz,1096,Spain
http://www.wikidata.org/entity/Q2916261,Battle of Garni,1225,Armenia
http://www.wikidata.org/entity/Q2724154,Battle of Adrianople,1254,Bulgaria
http://www.wikidata.org/entity/Q2549350,Battle of Philomelion,1116,Sultanate of Rum
http://www.wikidata.org/entity/Q2792009,Battle of Portopí,1229,Spain
http://www.wikidata.org/entity/Q2570116,Drenther Crusade,1228,Netherlands
http://www.wikidata.org/entity/Q2888093,Battle of Bairén,1097,Spain
http://www.wikidata.org/entity/Q2888010,Battle of Ishibashiyama,1180,Japan
http://www.wikidata.org/entity/Q2888241,Battle of Campaldino,1289,Italy
http://www.wikidata.org/entity/Q2888248,Battle of Cassano,1158,Italy
http://www.wikidata.org/entity/Q2563577,Battle of Samara Bend,1223,Volga Bulgaria
http://www.wikidata.org/entity/Q2637246,Battle of Sasireti,1042,Kingdom of Georgia
http://www.wikidata.org/entity/Q2750179,Siege of Castelnòu d'Arri,1211,France
http://www.wikidata.org/entity/Q2888155,Battle of Bitola,1015,North Macedonia
http://www.wikidata.org/entity/Q2920414,Battle of Basian,1202,Kingdom of Georgia
http://www.wikidata.org/entity/Q2888347,Battle of Consuegra,1097,Spain
http://www.wikidata.org/entity/Q2888503,Battle of Florvåg,1194,Norway
http://www.wikidata.org/entity/Q2888888,Battle of Kalavrye,1078,Turkey
http://www.wikidata.org/entity/Q2888869,Battle of Jerez,1231,Spain
http://www.wikidata.org/entity/Q2888959,Battle of Koromo River,1189,Japan
http://www.wikidata.org/entity/Q2888964,Battle of Kojima,1185,Japan
http://www.wikidata.org/entity/Q2889028,Battle of Kurikara,1183,Japan
http://www.wikidata.org/entity/Q2781949,Battle of Mynydd Carn,1081,Wales
http://www.wikidata.org/entity/Q170113,Battle of Saint Gotthard,1664,Hungary
http://www.wikidata.org/entity/Q205379,Battle of Breitenfeld,1631,Germany
http://www.wikidata.org/entity/Q233414,Battle of Panipat,1556,India
http://www.wikidata.org/entity/Q323735,Battle of Warksow,1678,Germany
http://www.wikidata.org/entity/Q167259,Battle of Lützen,1632,Germany
http://www.wikidata.org/entity/Q493609,Battle of Scarrifholis,1650,Kingdom of Ireland
http://www.wikidata.org/entity/Q586189,Battle of Powick Bridge,1642,Kingdom of England
http://www.wikidata.org/entity/Q489057,Battle of Carrickfergus,1597,United Kingdom
http://www.wikidata.org/entity/Q331170,Battle of Montjuïc,1641,Spain
http://www.wikidata.org/entity/Q261872,Battle of Tarcal,1527,Hungary
http://www.wikidata.org/entity/Q519818,Battle of Zusmarshausen,1648,Germany
http://www.wikidata.org/entity/Q497034,Battle of Sangju,1592,Joseon
http://www.wikidata.org/entity/Q203366,Battle of Gubel,1531,Switzerland
http://www.wikidata.org/entity/Q486979,Battle of Ch'ungju,1592,Joseon
http://www.wikidata.org/entity/Q151663,Revolt of the Comuneros,1520,Crown of Castile
http://www.wikidata.org/entity/Q380067,Battle of Trzciana,1629,Poland
http://www.wikidata.org/entity/Q426926,Battle of Warsaw,1656,Poland
http://www.wikidata.org/entity/Q371409,Battle of Stångebro,1598,Sweden
http://www.wikidata.org/entity/Q481354,Battle of Oldendorf,1633,Germany
http://www.wikidata.org/entity/Q263799,Battle of Mared,1563,Sweden
http://www.wikidata.org/entity/Q263799,Battle of Mared,1563,Denmark
http://www.wikidata.org/entity/Q546505,Battle of Stegeborg,1598,Sweden
http://www.wikidata.org/entity/Q489057,Battle of Carrickfergus,1597,Kingdom of Ireland
http://www.wikidata.org/entity/Q261345,Battle of Lleida,1642,Hispanic Monarchy
http://www.wikidata.org/entity/Q261738,Battle of Kilrush,1642,Kingdom of Ireland
http://www.wikidata.org/entity/Q200855,Battle of Vienna,1683,Habsburg monarchy
http://www.wikidata.org/entity/Q541566,Battle of Kolding,1658,Denmark
http://www.wikidata.org/entity/Q283288,Battle of Abancay,1537,Peru
http://www.wikidata.org/entity/Q473669,Battle of Lake Smolina,1502,Russia
http://www.wikidata.org/entity/Q127751,Wars of the Roses,1500,Kingdom of England
http://www.wikidata.org/entity/Q431806,Arauco War,1546,Chile
http://www.wikidata.org/entity/Q178510,Battle of Mohács,1526,Kingdom of Hungary
http://www.wikidata.org/entity/Q326417,Battle of Marston Moor,1644,United Kingdom
http://www.wikidata.org/entity/Q497806,Battle of Ergeme,1560,Latvia
http://www.wikidata.org/entity/Q491997,Battle of Macroom,1650,Kingdom of Ireland
http://www.wikidata.org/entity/Q492006,Battle of Julianstown,1641,Kingdom of Ireland
http://www.wikidata.org/entity/Q279250,Battle of Baçente,1542,Ethiopian Empire
http://www.wikidata.org/entity/Q428369,Battle of Nagashino,1575,Japan
http://www.wikidata.org/entity/Q497787,Battle of Liscarroll,1642,Kingdom of Ireland
http://www.wikidata.org/entity/Q234188,Battle of Sekigahara,1600,Japan
http://www.wikidata.org/entity/Q477592,Battle of Drakenburg,1547,Germany
http://www.wikidata.org/entity/Q474399,Battle of Affane,1565,Kingdom of Ireland
http://www.wikidata.org/entity/Q484029,Battle of Byeokjegwan,1593,Joseon
http://www.wikidata.org/entity/Q245811,Battle of Chemnitz,1639,Holy Roman Empire
http://www.wikidata.org/entity/Q225562,Battle of Shizugatake,1583,Japan
http://www.wikidata.org/entity/Q522168,Battle of Benburb,1646,Kingdom of Ireland
http://www.wikidata.org/entity/Q517486,Battle of Zenta,1697,Kingdom of Hungary
http://www.wikidata.org/entity/Q505699,Battle of Heiligerlee,1568,Spanish Netherlands
http://www.wikidata.org/entity/Q349422,Battle of Okehazama,1560,Japan
http://www.wikidata.org/entity/Q688448,Battle of Hohenfriedberg,1745,Poland
http://www.wikidata.org/entity/Q658845,Battle of Wandiwash,1760,India
http://www.wikidata.org/entity/Q695485,Battle of Jumonville Glen,1754,Thirteen Colonies
http://www.wikidata.org/entity/Q693282,Siege of Turin,1706,Italy
http://www.wikidata.org/entity/Q688802,Battle of Torgau,1760,Germany
http://www.wikidata.org/entity/Q701139,Battle of Liegnitz,1760,Poland
http://www.wikidata.org/entity/Q688802,Battle of Torgau,1760,Prussia
http://www.wikidata.org/entity/Q685798,Battle of Winterthur,1799,Switzerland
http://www.wikidata.org/entity/Q689183,Battle of Sainte-Foy,1760,New France
http://www.wikidata.org/entity/Q689471,Battle of Albuera,1811,Kingdom of Spain
http://www.wikidata.org/entity/Q696699,Battle of Lauffeld,1747,Belgium
http://www.wikidata.org/entity/Q696689,Battle of Gross-Jägersdorf,1757,Russia
http://www.wikidata.org/entity/Q696945,Battle of Schellenberg,1704,Germany
http://www.wikidata.org/entity/Q697034,Battle of Amstetten,1805,Austria
http://www.wikidata.org/entity/Q704567,Battle of Gemauerthof,1705,Latvia
http://www.wikidata.org/entity/Q690391,Battle of Petrovaradin,1716,Serbia
http://www.wikidata.org/entity/Q697267,Battle of Almenar,1710,Spain
http://www.wikidata.org/entity/Q656522,Battle of Condore,1758,France
http://www.wikidata.org/entity/Q678227,Battle of Fleurus,1794,Belgium
http://www.wikidata.org/entity/Q704762,Battle of Klissow,1702,Poland
http://www.wikidata.org/entity/Q692074,Battle of Ivankovac,1805,Serbia
http://www.wikidata.org/entity/Q682729,First Battle of Höchstädt,1703,Germany
http://www.wikidata.org/entity/Q688978,Battle of Cremona,1702,Italy
http://www.wikidata.org/entity/Q697913,Battle of Landeshut,1760,Poland
http://www.wikidata.org/entity/Q663574,Battle of Ticonderoga,1759,Thirteen Colonies
http://www.wikidata.org/entity/Q692137,Landing at Kip's Bay,1776,United States
http://www.wikidata.org/entity/Q693265,Battle of Assietta,1747,Italy
http://www.wikidata.org/entity/Q697982,Battle of Burkersdorf,1762,Poland
http://www.wikidata.org/entity/Q668595,Battle of Harlem Heights,1776,United States
http://www.wikidata.org/entity/Q695312,Battle of Breslau,1757,Poland
http://www.wikidata.org/entity/Q657406,Battle of Hennersdorf,1745,Poland
http://www.wikidata.org/entity/Q697897,Battle of Carillon,1758,Thirteen Colonies
http://www.wikidata.org/entity/Q657502,Battle of Elchingen,1805,Germany
http://www.wikidata.org/entity/Q677892,Battle of Freiberg,1762,Germany
http://www.wikidata.org/entity/Q677959,Battle of Hastenbeck,1757,Germany
http://www.wikidata.org/entity/Q699665,Battle of Dürenstein,1805,Austria
http://www.wikidata.org/entity/Q700316,Battle of Luzzara,1702,Italy
http://www.wikidata.org/entity/Q694122,Battle of Napue,1714,Sweden
http://www.wikidata.org/entity/Q694068,Battle of Fraustadt,1706,Poland
http://www.wikidata.org/entity/Q694061,Battle of Reichenberg,1757,Kingdom of Bohemia
http://www.wikidata.org/entity/Q705409,Battle of Helsingborg,1710,Sweden
http://www.wikidata.org/entity/Q656046,Battle of San Juan,1797,United States
http://www.wikidata.org/entity/Q688986,Battle of Hoyerswerda,1759,Germany
http://www.wikidata.org/entity/Q698166,Battle of Calcinato,1706,Italy
http://www.wikidata.org/entity/Q694883,Battle of Erastfer,1702,Estonia
http://www.wikidata.org/entity/Q686995,Battle of Le Mans,1793,France
http://www.wikidata.org/entity/Q663405,Battle of Zorndorf,1758,Poland
http://www.wikidata.org/entity/Q701808,Battle of Castiglione,1706,Italy
http://www.wikidata.org/entity/Q663450,Battle of Krefeld,1758,Germany
http://www.wikidata.org/entity/Q663435,Battle of Mollwitz,1741,Poland
http://www.wikidata.org/entity/Q482456,Fall of Saigon,1975,Vietnam
http://www.wikidata.org/entity/Q692885,Operation Ivory Coast,1970,Vietnam
http://www.wikidata.org/entity/Q493122,Battle of Sangju,1950,South Korea
http://www.wikidata.org/entity/Q349968,Zawiya skirmish,2011,Libya
http://www.wikidata.org/entity/Q277176,Nafusa Mountains campaign,2011,Libya
http://www.wikidata.org/entity/Q642100,Operation Steel Curtain,2005,Iraq
http://www.wikidata.org/entity/Q697053,Battle of Hue,1968,Vietnam
http://www.wikidata.org/entity/Q267418,Uzbin Valley ambush,2008,Afghanistan
http://www.wikidata.org/entity/Q83002,First Battle of al-Faw,1986,Iraq
http://www.wikidata.org/entity/Q82995,Operation Ramadan ul-Mubarak,1988,Iraq
http://www.wikidata.org/entity/Q487431,Battle of Tra Binh Dong,1967,Vietnam
http://www.wikidata.org/entity/Q743358,Battle of Latakia,1973,Syria
http://www.wikidata.org/entity/Q588774,Battle of Dong Xoai,1965,Vietnam
http://www.wikidata.org/entity/Q404517,Kargil War,1999,Pakistan
http://www.wikidata.org/entity/Q404517,Kargil War,1999,India
http://www.wikidata.org/entity/Q635533,Cambodian–Vietnamese War,1989,Vietnam
http://www.wikidata.org/entity/Q220388,Operation Dawn of Gulf of Aden,2011,Somalia
http://www.wikidata.org/entity/Q698771,Operation Atalanta,2008,Somalia
http://www.wikidata.org/entity/Q568992,Operation Bøllebank,1994,Bosnia and Herzegovina
http://www.wikidata.org/entity/Q654777,1973 Israeli raid on Lebanon,1973,Lebanon
http://www.wikidata.org/entity/Q720348,Battle of Ras al-Ayn,2012,Syria
http://www.wikidata.org/entity/Q673626,Operation Simoom,1990,Poland
http://www.wikidata.org/entity/Q624064,Battle of Uijeongbu,1950,South Korea
http://www.wikidata.org/entity/Q635533,Cambodian–Vietnamese War,1989,Democratic Kampuchea
http://www.wikidata.org/entity/Q460844,Unified Task Force,1992,Somalia
http://www.wikidata.org/entity/Q259526,Battle of Long Tan,1966,Vietnam
http://www.wikidata.org/entity/Q179275,insurgency in Khyber Pakhtunkhwa,2004,Pakistan
http://www.wikidata.org/entity/Q599202,Operation Baja California,2007,Mexico
http://www.wikidata.org/entity/Q652284,1982 Ethiopian–Somali Border War,1982,Somalia
http://www.wikidata.org/entity/Q550500,Battle of Nam Dong,1964,Vietnam
http://www.wikidata.org/entity/Q635533,Cambodian–Vietnamese War,1989,People's Republic of Kampuchea
http://www.wikidata.org/entity/Q630757,Battle of Douma,2012,Syria
http://www.wikidata.org/entity/Q542401,Angoor Ada raid,2008,Afghanistan
http://www.wikidata.org/entity/Q493131,Battle of Pyongtaek,1950,South Korea
http://www.wikidata.org/entity/Q81889,Operation Chameleon,2010,Colombia
http://www.wikidata.org/entity/Q281145,Battle of Firebase Anaconda,2007,Afghanistan
http://www.wikidata.org/entity/Q477040,Operation Swarmer,2006,Iraq
http://www.wikidata.org/entity/Q484494,Battle of Osan,1950,South Korea
http://www.wikidata.org/entity/Q545547,Battle of Beledweyne,2006,Somalia
http://www.wikidata.org/entity/Q543202,Battle of Tremseh,2012,Syria
http://www.wikidata.org/entity/Q493252,Battle of Chonan,1950,South Korea
http://www.wikidata.org/entity/Q179275,insurgency in Khyber Pakhtunkhwa,2004,Islamic Emirate of Waziristan
http://www.wikidata.org/entity/Q148574,Operation fence of legs,1981,Indonesia
http://www.wikidata.org/entity/Q68969,Croatian War of Independence,1995,Croatia
http://www.wikidata.org/entity/Q506595,Battle of Ajdabiya,2011,Libya
http://www.wikidata.org/entity/Q734004,Black January,1990,Azerbaijan Soviet Socialist Republic
http://www.wikidata.org/entity/Q248979,Battle of Modder River,1899,South Africa
http://www.wikidata.org/entity/Q81256,Battle of Ichikawa-Funabashi,1868,Japan
http://www.wikidata.org/entity/Q155103,Siege of Budapest,1944,Hungary
http://www.wikidata.org/entity/Q175513,Battle of Assam,1871,Ethiopian Empire
http://www.wikidata.org/entity/Q287389,Battle of Monte Pelado,1936,Spain
http://www.wikidata.org/entity/Q281850,Battle of Stanwix Station,1862,United States
http://www.wikidata.org/entity/Q269207,Battle of Sedan,1940,France
http://www.wikidata.org/entity/Q145588,Battle of Gumbinnen,1914,Russia
http://www.wikidata.org/entity/Q199371,Battle of Megiddo,1918,Ottoman Empire
http://www.wikidata.org/entity/Q261776,Battles of Rzhev,1942,Russia
http://www.wikidata.org/entity/Q135468,Battle of Haw's Shop,1864,United States
http://www.wikidata.org/entity/Q192252,Operation Harling,1942,Greece
http://www.wikidata.org/entity/Q254797,Battle of Le Bourget,1870,France
http://www.wikidata.org/entity/Q203234,Battle of Épehy,1918,France
http://www.wikidata.org/entity/Q176216,Battle of Yellow Tavern,1864,United States
http://www.wikidata.org/entity/Q205422,Battle of the Little Bighorn,1876,United States
http://www.wikidata.org/entity/Q270517,Dieppe Raid,1942,France
http://www.wikidata.org/entity/Q233343,Second Battle of Bull Run,1862,United States
http://www.wikidata.org/entity/Q162284,Battle of Kiev,1941,Ukraine
http://www.wikidata.org/entity/Q208855,Jallianwala Bagh massacre,1919,British Raj
http://www.wikidata.org/entity/Q155302,Battle of Loigny-Poupry,1870,France
http://www.wikidata.org/entity/Q263950,Battle of Elandslaagte,1899,South Africa
http://www.wikidata.org/entity/Q193993,Battle of Pea Ridge,1862,United States
http://www.wikidata.org/entity/Q275019,Battle of Smolensk,1943,Russia
http://www.wikidata.org/entity/Q178842,Battle of Waterberg,1904,Namibia
http://www.wikidata.org/entity/Q161033,Demyansk Pocket,1942,Russia
http://www.wikidata.org/entity/Q250383,Action at Néry,1914,France
http://www.wikidata.org/entity/Q194329,Battle of Five Forks,1865,United States
http://www.wikidata.org/entity/Q247871,Battle of Talana Hill,1899,South Africa
http://www.wikidata.org/entity/Q169436,Battle of Rostov,1941,Russia
http://www.wikidata.org/entity/Q180659,Battle of Wilson's Creek,1861,United States
http://www.wikidata.org/entity/Q220766,Battle of Manzikert,1915,Turkey
http://www.wikidata.org/entity/Q150939,Operation Weserübung,1940,Denmark
http://www.wikidata.org/entity/Q150939,Operation Weserübung,1940,Norway
http://www.wikidata.org/entity/Q153325,Aktion Erntefest,1943,Nazi Germany
http://www.wikidata.org/entity/Q162357,Battle of Smolensk,1941,Soviet Union
http://www.wikidata.org/entity/Q130861,Battle of Kursk,1943,Soviet Union
http://www.wikidata.org/entity/Q192660,Battle of Okinawa,1945,Empire of Japan
http://www.wikidata.org/entity/Q243640,Second Battle of Sabine Pass,1863,United States
http://www.wikidata.org/entity/Q155995,Operation Spring Awakening,1945,Kingdom of Hungary
http://www.wikidata.org/entity/Q149560,Battle of Stallupönen,1914,Russia
http://www.wikidata.org/entity/Q177283,Altmark Incident,1940,Norway
http://www.wikidata.org/entity/Q195118,Battle of Old Church,1864,United States
http://www.wikidata.org/entity/Q221469,First Battle of Bull Run,1861,United States
http://www.wikidata.org/entity/Q151290,Battle of Moscow,1941,Soviet Union
http://www.wikidata.org/entity/Q76914,Battle of Cepeda,1859,Argentina
http://www.wikidata.org/entity/Q167002,Operation Greif,1944,Belgium
http://www.wikidata.org/entity/Q250747,Race to the Sea,1914,France
http://www.wikidata.org/entity/Q154942,Battle of Königgrätz,1866,Austria–Hungary
http://www.wikidata.org/entity/Q129864,Indian Mutiny of 1857,1857,India
